<?xml version="1.0" encoding="UTF-8"?>
<project-private xmlns="http://www.netbeans.org/ns/project-private/1">
    <editor-bookmarks xmlns="http://www.netbeans.org/ns/editor-bookmarks/2" lastBookmarkId="0"/>
    <open-files xmlns="http://www.netbeans.org/ns/projectui-open-files/2">
        <group>
            <file>file:/C:/Users/Giovany/Dropbox/Bacharel%20de%20Sistemas%20de%20Informacao/Projeto%20de%20Sistemas/Projeto%20de%20Sistemas%20-%20Digio/2%20-%20Implementação%20Padroes/AbstractFactory/src/abstractfactory/FabricaDeCarro.java</file>
            <file>file:/C:/Users/Giovany/Dropbox/Bacharel%20de%20Sistemas%20de%20Informacao/Projeto%20de%20Sistemas/Projeto%20de%20Sistemas%20-%20Digio/2%20-%20Implementação%20Padroes/AbstractFactory/src/abstractfactory/AbstractFactory.java</file>
            <file>file:/C:/Users/Giovany/Dropbox/Bacharel%20de%20Sistemas%20de%20Informacao/Projeto%20de%20Sistemas/Projeto%20de%20Sistemas%20-%20Digio/2%20-%20Implementação%20Padroes/AbstractFactory/src/abstractfactory/FiestaSedan.java</file>
            <file>file:/C:/Users/Giovany/Dropbox/Bacharel%20de%20Sistemas%20de%20Informacao/Projeto%20de%20Sistemas/Projeto%20de%20Sistemas%20-%20Digio/2%20-%20Implementação%20Padroes/AbstractFactory/src/abstractfactory/CarroPopular.java</file>
            <file>file:/C:/Users/Giovany/Dropbox/Bacharel%20de%20Sistemas%20de%20Informacao/Projeto%20de%20Sistemas/Projeto%20de%20Sistemas%20-%20Digio/2%20-%20Implementação%20Padroes/AbstractFactory/src/abstractfactory/CarroSedan.java</file>
            <file>file:/C:/Users/Giovany/Dropbox/Bacharel%20de%20Sistemas%20de%20Informacao/Projeto%20de%20Sistemas/Projeto%20de%20Sistemas%20-%20Digio/2%20-%20Implementação%20Padroes/AbstractFactory/src/abstractfactory/FabricaFiat.java</file>
            <file>file:/C:/Users/Giovany/Dropbox/Bacharel%20de%20Sistemas%20de%20Informacao/Projeto%20de%20Sistemas/Projeto%20de%20Sistemas%20-%20Digio/2%20-%20Implementação%20Padroes/AbstractFactory/src/abstractfactory/Fiesta.java</file>
            <file>file:/C:/Users/Giovany/Dropbox/Bacharel%20de%20Sistemas%20de%20Informacao/Projeto%20de%20Sistemas/Projeto%20de%20Sistemas%20-%20Digio/2%20-%20Implementação%20Padroes/AbstractFactory/src/abstractfactory/FabricaFord.java</file>
            <file>file:/C:/Users/Giovany/Dropbox/Bacharel%20de%20Sistemas%20de%20Informacao/Projeto%20de%20Sistemas/Projeto%20de%20Sistemas%20-%20Digio/2%20-%20Implementação%20Padroes/AbstractFactory/src/abstractfactory/Palio.java</file>
        </group>
    </open-files>
</project-private>
