<?xml version="1.0" encoding="UTF-8"?>
<project-private xmlns="http://www.netbeans.org/ns/project-private/1">
    <editor-bookmarks xmlns="http://www.netbeans.org/ns/editor-bookmarks/2" lastBookmarkId="0"/>
    <open-files xmlns="http://www.netbeans.org/ns/projectui-open-files/2">
        <group>
            <file>file:/C:/Users/Giovany/Dropbox/Bacharel%20de%20Sistemas%20de%20Informacao/Projeto%20de%20Sistemas/Projeto%20de%20Sistemas%20-%20Digio/2%20-%20Implementação%20Padroes/Bridge/src/bridge/JanelaAbstrata.java</file>
            <file>file:/C:/Users/Giovany/Dropbox/Bacharel%20de%20Sistemas%20de%20Informacao/Projeto%20de%20Sistemas/Projeto%20de%20Sistemas%20-%20Digio/2%20-%20Implementação%20Padroes/Bridge/src/bridge/JanelaImplementada.java</file>
            <file>file:/C:/Users/Giovany/Dropbox/Bacharel%20de%20Sistemas%20de%20Informacao/Projeto%20de%20Sistemas/Projeto%20de%20Sistemas%20-%20Digio/2%20-%20Implementação%20Padroes/Bridge/src/bridge/JanelaAviso.java</file>
            <file>file:/C:/Users/Giovany/Dropbox/Bacharel%20de%20Sistemas%20de%20Informacao/Projeto%20de%20Sistemas/Projeto%20de%20Sistemas%20-%20Digio/2%20-%20Implementação%20Padroes/Bridge/src/bridge/Bridge.java</file>
            <file>file:/C:/Users/Giovany/Dropbox/Bacharel%20de%20Sistemas%20de%20Informacao/Projeto%20de%20Sistemas/Projeto%20de%20Sistemas%20-%20Digio/2%20-%20Implementação%20Padroes/Bridge/src/bridge/JanelaWindows.java</file>
            <file>file:/C:/Users/Giovany/Dropbox/Bacharel%20de%20Sistemas%20de%20Informacao/Projeto%20de%20Sistemas/Projeto%20de%20Sistemas%20-%20Digio/2%20-%20Implementação%20Padroes/Bridge/src/bridge/JanelaLinux.java</file>
            <file>file:/C:/Users/Giovany/Dropbox/Bacharel%20de%20Sistemas%20de%20Informacao/Projeto%20de%20Sistemas/Projeto%20de%20Sistemas%20-%20Digio/2%20-%20Implementação%20Padroes/Bridge/src/bridge/JanelaDialogo.java</file>
        </group>
    </open-files>
</project-private>
