<?xml version="1.0" encoding="UTF-8"?>
<project-private xmlns="http://www.netbeans.org/ns/project-private/1">
    <editor-bookmarks xmlns="http://www.netbeans.org/ns/editor-bookmarks/2" lastBookmarkId="0"/>
    <open-files xmlns="http://www.netbeans.org/ns/projectui-open-files/2">
        <group>
            <file>file:/C:/Users/Giovany/Dropbox/Bacharel%20de%20Sistemas%20de%20Informacao/Projeto%20de%20Sistemas/Projeto%20de%20Sistemas%20-%20Digio/2%20-%20Implementação%20Padroes/Strategy/src/strategy/Strategy.java</file>
            <file>file:/C:/Users/Giovany/Dropbox/Bacharel%20de%20Sistemas%20de%20Informacao/Projeto%20de%20Sistemas/Projeto%20de%20Sistemas%20-%20Digio/2%20-%20Implementação%20Padroes/Strategy/src/strategy/CalculoImpostoVinteOuQuinze.java</file>
            <file>file:/C:/Users/Giovany/Dropbox/Bacharel%20de%20Sistemas%20de%20Informacao/Projeto%20de%20Sistemas/Projeto%20de%20Sistemas%20-%20Digio/2%20-%20Implementação%20Padroes/Strategy/src/strategy/Funcionario.java</file>
            <file>file:/C:/Users/Giovany/Dropbox/Bacharel%20de%20Sistemas%20de%20Informacao/Projeto%20de%20Sistemas/Projeto%20de%20Sistemas%20-%20Digio/2%20-%20Implementação%20Padroes/Strategy/src/strategy/CalculoImpostoQuinzeOuDez.java</file>
            <file>file:/C:/Users/Giovany/Dropbox/Bacharel%20de%20Sistemas%20de%20Informacao/Projeto%20de%20Sistemas/Projeto%20de%20Sistemas%20-%20Digio/2%20-%20Implementação%20Padroes/Strategy/src/strategy/CalculaImposto.java</file>
        </group>
    </open-files>
</project-private>
