<?xml version="1.0" encoding="UTF-8"?>
<project-private xmlns="http://www.netbeans.org/ns/project-private/1">
    <editor-bookmarks xmlns="http://www.netbeans.org/ns/editor-bookmarks/2" lastBookmarkId="0"/>
    <open-files xmlns="http://www.netbeans.org/ns/projectui-open-files/2">
        <group>
            <file>file:/C:/Users/Giovany/Documents/NetBeansProjects/TemplateMethod/src/templatemethod/OrdenadorPorNome.java</file>
            <file>file:/C:/Users/Giovany/Documents/NetBeansProjects/TemplateMethod/src/templatemethod/OrdenadorTemplate.java</file>
            <file>file:/C:/Users/Giovany/Documents/NetBeansProjects/TemplateMethod/src/templatemethod/TemplateMethod.java</file>
            <file>file:/C:/Users/Giovany/Documents/NetBeansProjects/TemplateMethod/src/templatemethod/ModoDeReproducao.java</file>
            <file>file:/C:/Users/Giovany/Documents/NetBeansProjects/TemplateMethod/src/templatemethod/OrdenadorPorAno.java</file>
            <file>file:/C:/Users/Giovany/Documents/NetBeansProjects/TemplateMethod/src/templatemethod/OrdenadorPorEstrela.java</file>
            <file>file:/C:/Users/Giovany/Documents/NetBeansProjects/TemplateMethod/src/templatemethod/PlayList.java</file>
            <file>file:/C:/Users/Giovany/Documents/NetBeansProjects/TemplateMethod/src/templatemethod/MusicaMP3.java</file>
            <file>file:/C:/Users/Giovany/Documents/NetBeansProjects/TemplateMethod/src/templatemethod/OrdenadorPorAutor.java</file>
        </group>
    </open-files>
</project-private>
