<?xml version="1.0" encoding="UTF-8"?>
<project-private xmlns="http://www.netbeans.org/ns/project-private/1">
    <editor-bookmarks xmlns="http://www.netbeans.org/ns/editor-bookmarks/2" lastBookmarkId="0"/>
    <open-files xmlns="http://www.netbeans.org/ns/projectui-open-files/2">
        <group>
            <file>file:/C:/Users/pulin/Desktop/Arquivos/0%20-%20IFES%20-%20COLATINA/1%20-%20Disciplinas/Projeto%20de%20Sistemas/Implementação%20Padroes%20Igor/State/src/state/MarioCapa.java</file>
            <file>file:/C:/Users/pulin/Desktop/Arquivos/0%20-%20IFES%20-%20COLATINA/1%20-%20Disciplinas/Projeto%20de%20Sistemas/Implementação%20Padroes%20Igor/State/src/state/MarioPequeno.java</file>
            <file>file:/C:/Users/pulin/Desktop/Arquivos/0%20-%20IFES%20-%20COLATINA/1%20-%20Disciplinas/Projeto%20de%20Sistemas/Implementação%20Padroes%20Igor/State/src/state/MarioGrande.java</file>
            <file>file:/C:/Users/pulin/Desktop/Arquivos/0%20-%20IFES%20-%20COLATINA/1%20-%20Disciplinas/Projeto%20de%20Sistemas/Implementação%20Padroes%20Igor/State/src/state/MarioMorto.java</file>
            <file>file:/C:/Users/pulin/Desktop/Arquivos/0%20-%20IFES%20-%20COLATINA/1%20-%20Disciplinas/Projeto%20de%20Sistemas/Implementação%20Padroes%20Igor/State/src/state/State.java</file>
            <file>file:/C:/Users/pulin/Desktop/Arquivos/0%20-%20IFES%20-%20COLATINA/1%20-%20Disciplinas/Projeto%20de%20Sistemas/Implementação%20Padroes%20Igor/State/src/state/Mario.java</file>
        </group>
    </open-files>
</project-private>
