<?xml version="1.0" encoding="UTF-8"?>
<project-private xmlns="http://www.netbeans.org/ns/project-private/1">
    <editor-bookmarks xmlns="http://www.netbeans.org/ns/editor-bookmarks/2" lastBookmarkId="0"/>
    <open-files xmlns="http://www.netbeans.org/ns/projectui-open-files/2">
        <group>
            <file>file:/C:/Users/Giovany/Documents/NetBeansProjects/Composite/src/composite/Composite.java</file>
            <file>file:/C:/Users/Giovany/Documents/NetBeansProjects/Composite/src/composite/ArquivoTXT.java</file>
            <file>file:/C:/Users/Giovany/Documents/NetBeansProjects/Composite/src/composite/Arquivo.java</file>
            <file>file:/C:/Users/Giovany/Documents/NetBeansProjects/Composite/src/composite/Pasta.java</file>
            <file>file:/C:/Users/Giovany/Documents/NetBeansProjects/Composite/src/composite/ArquivoDOC.java</file>
        </group>
    </open-files>
</project-private>
