<?xml version="1.0" encoding="UTF-8"?>
<project-private xmlns="http://www.netbeans.org/ns/project-private/1">
    <editor-bookmarks xmlns="http://www.netbeans.org/ns/editor-bookmarks/2" lastBookmarkId="0"/>
    <open-files xmlns="http://www.netbeans.org/ns/projectui-open-files/2">
        <group>
            <file>file:/C:/Users/Giovany/Dropbox/Bacharel%20de%20Sistemas%20de%20Informacao/Projeto%20de%20Sistemas/Projeto%20de%20Sistemas%20-%20Digio/2%20-%20Implementação%20Padroes/Decorator/src/decorator/Cachaca.java</file>
            <file>file:/C:/Users/Giovany/Dropbox/Bacharel%20de%20Sistemas%20de%20Informacao/Projeto%20de%20Sistemas/Projeto%20de%20Sistemas%20-%20Digio/2%20-%20Implementação%20Padroes/Decorator/src/decorator/Decorator.java</file>
            <file>file:/C:/Users/Giovany/Dropbox/Bacharel%20de%20Sistemas%20de%20Informacao/Projeto%20de%20Sistemas/Projeto%20de%20Sistemas%20-%20Digio/2%20-%20Implementação%20Padroes/Decorator/src/decorator/Coquetel.java</file>
            <file>file:/C:/Users/Giovany/Dropbox/Bacharel%20de%20Sistemas%20de%20Informacao/Projeto%20de%20Sistemas/Projeto%20de%20Sistemas%20-%20Digio/2%20-%20Implementação%20Padroes/Decorator/src/decorator/Rum.java</file>
            <file>file:/C:/Users/Giovany/Dropbox/Bacharel%20de%20Sistemas%20de%20Informacao/Projeto%20de%20Sistemas/Projeto%20de%20Sistemas%20-%20Digio/2%20-%20Implementação%20Padroes/Decorator/src/decorator/CoquetelDecorator.java</file>
            <file>file:/C:/Users/Giovany/Dropbox/Bacharel%20de%20Sistemas%20de%20Informacao/Projeto%20de%20Sistemas/Projeto%20de%20Sistemas%20-%20Digio/2%20-%20Implementação%20Padroes/Decorator/src/decorator/Suco.java</file>
            <file>file:/C:/Users/Giovany/Dropbox/Bacharel%20de%20Sistemas%20de%20Informacao/Projeto%20de%20Sistemas/Projeto%20de%20Sistemas%20-%20Digio/2%20-%20Implementação%20Padroes/Decorator/src/decorator/Limao.java</file>
            <file>file:/C:/Users/Giovany/Dropbox/Bacharel%20de%20Sistemas%20de%20Informacao/Projeto%20de%20Sistemas/Projeto%20de%20Sistemas%20-%20Digio/2%20-%20Implementação%20Padroes/Decorator/src/decorator/Refrigerante.java</file>
            <file>file:/C:/Users/Giovany/Dropbox/Bacharel%20de%20Sistemas%20de%20Informacao/Projeto%20de%20Sistemas/Projeto%20de%20Sistemas%20-%20Digio/2%20-%20Implementação%20Padroes/Decorator/src/decorator/Acucar.java</file>
        </group>
    </open-files>
</project-private>
